/*
SQLyog Professional v12.08 (32 bit)
MySQL - 5.7.26 : Database - internship2
*********************************************************************
*/

/*!40101 SET NAMES utf8 */;

/*!40101 SET SQL_MODE=''*/;

/*!40014 SET @OLD_UNIQUE_CHECKS=@@UNIQUE_CHECKS, UNIQUE_CHECKS=0 */;
/*!40014 SET @OLD_FOREIGN_KEY_CHECKS=@@FOREIGN_KEY_CHECKS, FOREIGN_KEY_CHECKS=0 */;
/*!40101 SET @OLD_SQL_MODE=@@SQL_MODE, SQL_MODE='NO_AUTO_VALUE_ON_ZERO' */;
/*!40111 SET @OLD_SQL_NOTES=@@SQL_NOTES, SQL_NOTES=0 */;
CREATE DATABASE /*!32312 IF NOT EXISTS*/`internship2` /*!40100 DEFAULT CHARACTER SET utf8 */;

USE `internship2`;

/*Table structure for table `billitem` */

DROP TABLE IF EXISTS `billitem`;

CREATE TABLE `billitem` (
  `id` int(11) NOT NULL AUTO_INCREMENT,
  `type` varchar(255) DEFAULT NULL,
  `money` double(7,2) DEFAULT NULL,
  `user_id` int(11) DEFAULT NULL,
  `date` datetime DEFAULT NULL ON UPDATE CURRENT_TIMESTAMP,
  PRIMARY KEY (`id`),
  KEY `user_id` (`user_id`),
  CONSTRAINT `billitem_ibfk_1` FOREIGN KEY (`user_id`) REFERENCES `user` (`id`)
) ENGINE=InnoDB AUTO_INCREMENT=187 DEFAULT CHARSET=utf8;

/*Data for the table `billitem` */

insert  into `billitem`(`id`,`type`,`money`,`user_id`,`date`) values (182,'充值',1.00,10,'2019-08-23 09:49:06'),(183,'充值',1.01,10,'2019-08-23 09:49:22'),(184,'消费',1.01,10,'2019-08-23 09:49:41'),(185,'收到打赏',1.01,4,'2019-08-23 09:49:41'),(186,'充值',1.00,10,'2019-09-20 08:54:02');

/*Table structure for table `group` */

DROP TABLE IF EXISTS `group`;

CREATE TABLE `group` (
  `id` int(11) NOT NULL,
  `name` varchar(255) DEFAULT NULL,
  PRIMARY KEY (`id`) USING BTREE
) ENGINE=InnoDB DEFAULT CHARSET=utf8 ROW_FORMAT=DYNAMIC;

/*Data for the table `group` */

insert  into `group`(`id`,`name`) values (1,'组一'),(2,'组二'),(3,'组三'),(4,'超级管理员组');

/*Table structure for table `head` */

DROP TABLE IF EXISTS `head`;

CREATE TABLE `head` (
  `id` int(11) NOT NULL AUTO_INCREMENT,
  `user_id` int(11) DEFAULT NULL,
  `image_url` varchar(255) DEFAULT NULL,
  PRIMARY KEY (`id`) USING BTREE,
  KEY `user_id` (`user_id`) USING BTREE,
  CONSTRAINT `head_ibfk_1` FOREIGN KEY (`user_id`) REFERENCES `user` (`id`)
) ENGINE=InnoDB DEFAULT CHARSET=utf8 ROW_FORMAT=DYNAMIC;

/*Data for the table `head` */

/*Table structure for table `headportrait` */

DROP TABLE IF EXISTS `headportrait`;

CREATE TABLE `headportrait` (
  `id` int(11) NOT NULL AUTO_INCREMENT,
  `user_id` int(11) DEFAULT NULL,
  `image_url` varchar(255) DEFAULT NULL,
  PRIMARY KEY (`id`) USING BTREE,
  KEY `user_id` (`user_id`) USING BTREE,
  CONSTRAINT `headportrait_ibfk_1` FOREIGN KEY (`user_id`) REFERENCES `user` (`id`)
) ENGINE=InnoDB AUTO_INCREMENT=42 DEFAULT CHARSET=utf8 ROW_FORMAT=DYNAMIC;

/*Data for the table `headportrait` */

insert  into `headportrait`(`id`,`user_id`,`image_url`) values (39,10,'userhead/d206359e-922c-4582-b74b-7d5bbcd60518b97b7ad1e78cbe0dd12780ea3fea3f3a.jpg'),(40,10,'userhead/3034c136-bceb-4c12-9fdc-e036f0659ce975cfed6c7ef5ac81c0786e7fe44574f8.jpg'),(41,10,'userhead/7d55d0b4-42b3-4ea2-a011-98b5b13574bb971f96be37a9dbb52c24b0bb21f965f4.jpg');

/*Table structure for table `log` */

DROP TABLE IF EXISTS `log`;

CREATE TABLE `log` (
  `user_name` varchar(255) DEFAULT NULL,
  `user_id` int(11) DEFAULT NULL,
  `operation` varchar(255) DEFAULT NULL,
  `time` int(11) DEFAULT NULL,
  `result` varchar(255) DEFAULT NULL,
  `date` varchar(255) DEFAULT NULL,
  KEY `user_id` (`user_id`) USING BTREE
) ENGINE=InnoDB DEFAULT CHARSET=utf8 ROW_FORMAT=DYNAMIC;

/*Data for the table `log` */

insert  into `log`(`user_name`,`user_id`,`operation`,`time`,`result`,`date`) values ('admin',10,'查看用户自己的留言',4,'成功','2019-08-20 13:44:32'),('admin',10,'查看用户所在组的留言',1,'成功','2019-08-20 13:44:33'),('admin',10,'查看其他组的留言',7,'成功','2019-08-20 13:44:33'),('admin',10,'查看所有人的留言',4,'成功','2019-08-20 13:44:34'),('admin',10,'查看所有的用户信息',14,'成功','2019-08-20 13:44:34'),('admin',10,'查看同组用户信息',3,'成功','2019-08-20 13:44:36'),('admin',10,'查看个人用户信息',2,'成功','2019-08-20 13:44:38'),('admin',10,'删除留言',41,'成功','2019-08-20 13:44:48'),('admin',10,'修改留言',98,'成功','2019-08-20 13:44:51'),('admin',10,'查看个人用户信息',3,'成功','2019-08-20 13:44:55'),('admin',10,'编辑个人用户信息',65,'成功','2019-08-20 13:44:59'),('admin',10,'新建留言',65,'成功','2019-08-20 13:45:12'),('admin',10,'查看个人用户信息',8,'成功','2019-08-20 15:49:16'),('admin',10,'查看个人用户信息',7,'成功','2019-08-20 16:34:02'),('admin',10,'查看个人用户信息',8,'成功','2019-08-20 16:34:57'),('admin',10,'查看个人用户信息',9,'成功','2019-08-20 16:36:32'),('admin',10,'查看其他组的留言',8,'成功','2019-08-20 16:50:45'),('admin',10,'查看用户自己的留言',3,'成功','2019-08-20 16:50:50'),('admin',10,'查看其他组的留言',3,'成功','2019-08-20 16:50:53'),('admin',10,'查看其他组的留言',8,'成功','2019-08-20 17:15:02'),('admin',10,'查看其他组的留言',11,'成功','2019-08-20 17:16:11'),('admin',10,'查看所有人的留言',10,'成功','2019-08-20 17:20:11'),('admin',10,'查看其他组的留言',9,'成功','2019-08-20 17:21:45'),('admin',10,'查看其他组的留言',7,'成功','2019-08-20 17:23:36'),('admin',10,'查看其他组的留言',12,'成功','2019-08-20 17:25:47'),('admin',10,'查看其他组的留言',7,'成功','2019-08-21 08:49:48'),('admin',10,'查看个人用户信息',7,'成功','2019-08-21 08:49:49'),('ii',9,'查看同组用户信息',4,'成功','2019-08-21 08:50:09'),('ii',9,'查看所有的用户信息',10,'成功','2019-08-21 08:50:13'),('admin',10,'查看个人用户信息',11,'成功','2019-08-21 09:05:03'),('admin',10,'查看个人用户信息',8,'成功','2019-08-21 09:08:00'),('admin',10,'查看个人用户信息',8,'成功','2019-08-21 09:09:50'),('admin',10,'查看个人用户信息',7,'成功','2019-08-21 09:13:30'),('admin',10,'查看个人用户信息',9,'成功','2019-08-21 09:15:17'),('admin',10,'查看个人用户信息',8,'成功','2019-08-21 09:18:38'),('admin',10,'查看个人用户信息',7,'成功','2019-08-21 09:25:56'),('admin',10,'查看个人用户信息',5,'成功','2019-08-21 09:28:42'),('admin',10,'查看个人用户信息',8,'成功','2019-08-21 09:33:20'),('admin',10,'查看个人用户信息',9,'成功','2019-08-21 09:37:02'),('admin',10,'查看个人用户信息',7,'成功','2019-08-21 09:39:08'),('admin',10,'查看个人用户信息',7,'成功','2019-08-21 09:39:58'),('admin',10,'查看个人用户信息',9,'成功','2019-08-21 09:43:28'),('admin',10,'查看个人用户信息',8,'成功','2019-08-21 09:44:10'),('admin',10,'查看个人用户信息',7,'成功','2019-08-21 09:45:00'),('admin',10,'查看个人用户信息',8,'成功','2019-08-21 09:47:39'),('admin',10,'查看个人用户信息',4,'成功','2019-08-21 09:47:47'),('admin',10,'查看其他组的留言',8,'成功','2019-08-21 09:55:31'),('admin',10,'查看其他组的留言',7,'成功','2019-08-21 10:00:34'),('admin',10,'查看其他组的留言',7,'成功','2019-08-21 10:02:42'),('admin',10,'查看其他组的留言',7,'成功','2019-08-21 10:06:15'),('admin',10,'查看个人用户信息',7,'成功','2019-08-21 10:07:25'),('admin',10,'删除留言',41,'成功','2019-08-21 10:07:27'),('admin',10,'查看其他组的留言',4,'成功','2019-08-21 10:07:28'),('admin',10,'查看其他组的留言',7,'成功','2019-08-21 10:15:43'),('admin',10,'查看其他组的留言',7,'成功','2019-08-21 10:18:15'),('admin',10,'查看其他组的留言',7,'成功','2019-08-21 10:19:17'),('admin',10,'查看其他组的留言',6,'成功','2019-08-21 10:21:43'),('admin',10,'查看所有人的留言',9,'成功','2019-08-21 10:22:26'),('admin',10,'查看其他组的留言',6,'成功','2019-08-21 10:23:34'),('admin',10,'查看个人用户信息',6,'成功','2019-08-21 10:59:00'),('admin',10,'查看其他组的留言',7,'成功','2019-08-21 11:08:22'),('admin',10,'查看用户自己的留言',3,'成功','2019-08-21 11:08:24'),('admin',10,'查看其他组的留言',3,'成功','2019-08-21 11:08:27'),('admin',10,'查看其他组的留言',2,'成功','2019-08-21 11:09:19'),('admin',10,'查看其他组的留言',8,'成功','2019-08-21 11:10:59'),('admin',10,'查看其他组的留言',7,'成功','2019-08-21 11:15:05'),('admin',10,'查看其他组的留言',8,'成功','2019-08-21 11:17:36'),('admin',10,'查看个人用户信息',6,'成功','2019-08-21 11:17:42'),('admin',10,'查看个人用户信息',3,'成功','2019-08-21 11:19:36'),('admin',10,'查看个人用户信息',9,'成功','2019-08-21 11:21:44'),('admin',10,'查看个人用户信息',4,'成功','2019-08-21 11:21:47'),('admin',10,'查看个人用户信息',4,'成功','2019-08-21 11:21:50'),('admin',10,'查看个人用户信息',7,'成功','2019-08-21 11:22:56'),('admin',10,'查看个人用户信息',7,'成功','2019-08-21 11:25:45'),('admin',10,'查看个人用户信息',9,'成功','2019-08-21 11:26:05'),('admin',10,'查看个人用户信息',7,'成功','2019-08-21 11:28:28'),('admin',10,'查看个人用户信息',7,'成功','2019-08-21 11:31:06'),('admin',10,'查看个人用户信息',7,'成功','2019-08-21 12:21:10'),('admin',10,'查看个人用户信息',7,'成功','2019-08-21 12:26:50'),('admin',10,'查看个人用户信息',9,'成功','2019-08-21 12:28:34'),('admin',10,'查看个人用户信息',4,'成功','2019-08-21 12:29:13'),('admin',10,'查看个人用户信息',2,'成功','2019-08-21 12:29:36'),('admin',10,'查看其他组的留言',4,'成功','2019-08-21 12:29:58'),('admin',10,'查看其他组的留言',16,'成功','2019-08-21 12:31:56'),('admin',10,'查看其他组的留言',8,'成功','2019-08-21 12:32:41'),('admin',10,'查看其他组的留言',4,'成功','2019-08-21 12:32:46'),('admin',10,'查看所有人的留言',4,'成功','2019-08-21 12:32:47'),('admin',10,'查看其他组的留言',0,'成功','2019-08-21 12:32:58'),('admin',10,'查看用户自己的留言',15,'成功','2019-08-21 12:33:02'),('admin',10,'查看个人用户信息',16,'成功','2019-08-21 12:33:05'),('admin',10,'查看其他组的留言',0,'成功','2019-08-21 12:33:20'),('admin',10,'查看个人用户信息',0,'成功','2019-08-21 12:33:36'),('admin',10,'查看个人用户信息',15,'成功','2019-08-21 12:41:27'),('admin',10,'查看其他组的留言',0,'成功','2019-08-21 12:41:33'),('admin',10,'查看其他组的留言',15,'成功','2019-08-21 12:42:36'),('admin',10,'查看其他组的留言',8,'成功','2019-08-21 12:43:14'),('admin',10,'查看其他组的留言',9,'成功','2019-08-21 12:45:04'),('admin',10,'查看其他组的留言',6,'成功','2019-08-21 12:45:43'),('admin',10,'查看其他组的留言',9,'成功','2019-08-21 12:49:42'),('admin',10,'查看其他组的留言',8,'成功','2019-08-21 12:55:36'),('admin',10,'查看其他组的留言',7,'成功','2019-08-21 12:58:36'),('admin',10,'查看其他组的留言',7,'成功','2019-08-21 13:03:17'),('admin',10,'查看其他组的留言',9,'成功','2019-08-21 13:05:08'),('admin',10,'查看其他组的留言',7,'成功','2019-08-21 13:05:36'),('admin',10,'查看个人用户信息',5,'成功','2019-08-21 13:06:08'),('admin',10,'查看个人用户信息',3,'成功','2019-08-21 13:06:33'),('admin',10,'查看个人用户信息',2,'成功','2019-08-21 13:07:54'),('admin',10,'查看个人用户信息',3,'成功','2019-08-21 13:08:14'),('admin',10,'查看个人用户信息',6,'成功','2019-08-21 13:08:41'),('admin',10,'查看个人用户信息',7,'成功','2019-08-21 13:12:12'),('admin',10,'查看个人用户信息',5,'成功','2019-08-21 13:12:41'),('admin',10,'查看其他组的留言',7,'成功','2019-08-21 13:26:07'),('admin',10,'查看其他组的留言',8,'成功','2019-08-21 13:27:02'),('admin',10,'查看其他组的留言',8,'成功','2019-08-21 13:32:33'),('admin',10,'查看其他组的留言',8,'成功','2019-08-21 13:35:28'),('admin',10,'查看其他组的留言',8,'成功','2019-08-21 13:36:25'),('admin',10,'查看其他组的留言',7,'成功','2019-08-21 13:38:18'),('admin',10,'查看其他组的留言',3,'成功','2019-08-21 13:39:10'),('admin',10,'查看个人用户信息',5,'成功','2019-08-21 13:39:26'),('admin',10,'查看同组用户信息',3,'成功','2019-08-21 13:39:28'),('admin',10,'查看个人用户信息',2,'成功','2019-08-21 13:39:30'),('admin',10,'查看个人用户信息',11,'成功','2019-08-21 13:42:51'),('admin',10,'查看其他组的留言',12,'成功','2019-08-21 13:42:54'),('admin',10,'查看个人用户信息',4,'成功','2019-08-21 13:43:05'),('admin',10,'查看其他组的留言',3,'成功','2019-08-21 13:43:11'),('admin',10,'查看个人用户信息',3,'成功','2019-08-21 13:43:19'),('admin',10,'查看其他组的留言',8,'成功','2019-08-21 13:45:57'),('admin',10,'查看个人用户信息',5,'成功','2019-08-21 13:47:01'),('admin',10,'查看个人用户信息',2,'成功','2019-08-21 13:47:26'),('admin',10,'查看个人用户信息',2,'成功','2019-08-21 13:48:12'),('admin',10,'查看其他组的留言',8,'成功','2019-08-21 13:56:13'),('admin',10,'查看所有人的留言',4,'成功','2019-08-21 13:56:14'),('admin',10,'查看个人用户信息',10,'成功','2019-08-21 13:56:15'),('admin',10,'查看其他组的留言',7,'成功','2019-08-21 13:58:02'),('admin',10,'查看所有人的留言',3,'成功','2019-08-21 13:58:03'),('admin',10,'查看个人用户信息',9,'成功','2019-08-21 13:58:04'),('admin',10,'查看所有人的留言',8,'成功','2019-08-21 13:58:53'),('admin',10,'查看个人用户信息',10,'成功','2019-08-21 13:59:02'),('admin',10,'查看个人用户信息',12,'成功','2019-08-21 14:01:10'),('admin',10,'查看所有人的留言',8,'成功','2019-08-21 14:01:17'),('admin',10,'查看其他组的留言',8,'成功','2019-08-21 14:03:54'),('admin',10,'查看其他组的留言',3,'成功','2019-08-21 14:04:45'),('admin',10,'查看个人用户信息',12,'成功','2019-08-21 14:18:10'),('admin',10,'查看其他组的留言',6,'成功','2019-08-21 14:18:14'),('admin',10,'查看个人用户信息',3,'成功','2019-08-21 14:18:25'),('admin',10,'查看个人用户信息',11,'成功','2019-08-21 14:18:51'),('admin',10,'查看所有人的留言',7,'成功','2019-08-21 14:18:57'),('admin',10,'查看个人用户信息',10,'成功','2019-08-21 14:19:51'),('admin',10,'查看所有人的留言',7,'成功','2019-08-21 14:19:53'),('admin',10,'查看个人用户信息',2,'成功','2019-08-21 14:20:19'),('admin',10,'查看个人用户信息',11,'成功','2019-08-21 14:22:00'),('admin',10,'查看所有人的留言',8,'成功','2019-08-21 14:22:04'),('admin',10,'查看所有人的留言',8,'成功','2019-08-21 14:23:02'),('admin',10,'查看所有人的留言',11,'成功','2019-08-21 14:26:27'),('admin',10,'查看所有人的留言',3,'成功','2019-08-21 14:26:28'),('admin',10,'查看其他组的留言',11,'成功','2019-08-21 14:29:27'),('admin',10,'查看个人用户信息',6,'成功','2019-08-21 14:32:07'),('admin',10,'查看个人用户信息',11,'成功','2019-08-21 14:55:24'),('admin',10,'查看个人用户信息',4,'成功','2019-08-21 14:55:26'),('admin',10,'查看其他组用户信息',11,'成功','2019-08-21 14:55:32'),('admin',10,'查看所有人的留言',4,'成功','2019-08-21 14:55:35'),('admin',10,'查看个人用户信息',11,'成功','2019-08-21 15:06:38'),('admin',10,'查看个人用户信息',11,'成功','2019-08-21 15:08:53'),('admin',10,'查看个人用户信息',12,'成功','2019-08-21 15:10:23'),('admin',10,'查看个人用户信息',11,'成功','2019-08-21 15:12:15'),('admin',10,'查看个人用户信息',13,'成功','2019-08-21 15:13:35'),('admin',10,'查看个人用户信息',6,'成功','2019-08-21 15:13:48'),('admin',10,'查看个人用户信息',16,'成功','2019-08-21 15:22:18'),('admin',10,'查看个人用户信息',11,'成功','2019-08-21 15:22:55'),('admin',10,'查看个人用户信息',9,'成功','2019-08-21 15:23:39'),('admin',10,'查看个人用户信息',11,'成功','2019-08-21 15:24:43'),('admin',10,'查看个人用户信息',12,'成功','2019-08-21 15:26:00'),('admin',10,'查看个人用户信息',12,'成功','2019-08-21 15:29:28'),('admin',10,'查看个人用户信息',16,'成功','2019-08-21 15:31:18'),('admin',10,'查看个人用户信息',12,'成功','2019-08-21 15:33:16'),('admin',10,'查看个人用户信息',11,'成功','2019-08-21 15:36:24'),('admin',10,'查看个人用户信息',13,'成功','2019-08-21 15:37:42'),('admin',10,'查看个人用户信息',12,'成功','2019-08-21 15:43:51'),('admin',10,'查看个人用户信息',11,'成功','2019-08-21 15:54:34'),('admin',10,'查看个人用户信息',10,'成功','2019-08-21 15:57:35'),('admin',10,'查看个人用户信息',9,'成功','2019-08-21 15:59:52'),('admin',10,'查看个人用户信息',11,'成功','2019-08-21 16:01:44'),('admin',10,'查看其他组的留言',12,'成功','2019-08-21 16:01:49'),('admin',10,'查看个人用户信息',4,'成功','2019-08-21 16:01:56'),('admin',10,'查看个人用户信息',3,'成功','2019-08-21 16:02:08'),('admin',10,'查看个人用户信息',12,'成功','2019-08-21 16:07:14'),('admin',10,'查看个人用户信息',3,'成功','2019-08-21 16:07:19'),('admin',10,'查看所有人的留言',5,'成功','2019-08-21 16:07:24'),('admin',10,'查看其他组的留言',46,'成功','2019-08-22 08:46:25'),('admin',10,'查看个人用户信息',10,'成功','2019-08-22 08:46:27'),('admin',10,'查看个人用户信息',3,'成功','2019-08-22 08:46:46'),('admin',10,'查看个人用户信息',12,'成功','2019-08-22 08:54:46'),('admin',10,'查看个人用户信息',5,'成功','2019-08-22 08:55:00'),('admin',10,'查看个人用户信息',12,'成功','2019-08-22 08:56:40'),('admin',10,'查看个人用户信息',4,'成功','2019-08-22 08:56:42'),('admin',10,'查看用户自己的留言',4,'成功','2019-08-22 08:57:05'),('admin',10,'查看用户所在组的留言',1,'成功','2019-08-22 08:57:05'),('admin',10,'查看其他组的留言',3,'成功','2019-08-22 08:57:06'),('admin',10,'查看所有人的留言',2,'成功','2019-08-22 08:57:08'),('admin',10,'查看个人用户信息',1,'成功','2019-08-22 08:57:47'),('dd',4,'查看个人用户信息',2,'成功','2019-08-22 08:58:09'),('dd',4,'查看个人用户信息',1,'成功','2019-08-22 08:59:08'),('admin',10,'查看个人用户信息',12,'成功','2019-08-22 09:01:41'),('dd',4,'查看个人用户信息',4,'成功','2019-08-22 09:01:51'),('admin',10,'查看个人用户信息',5,'成功','2019-08-22 09:02:08'),('admin',10,'查看个人用户信息',5,'成功','2019-08-22 09:02:30'),('admin',10,'查看个人用户信息',3,'成功','2019-08-22 09:02:32'),('admin',10,'查看个人用户信息',3,'成功','2019-08-22 09:02:41'),('admin',10,'查看个人用户信息',2,'成功','2019-08-22 09:02:44'),('admin',10,'查看其他组的留言',4,'成功','2019-08-22 09:02:48'),('admin',10,'查看个人用户信息',2,'成功','2019-08-22 09:03:07'),('dd',4,'查看个人用户信息',1,'成功','2019-08-22 09:03:18'),('admin',10,'查看个人用户信息',2,'成功','2019-08-22 09:04:15'),('dd',4,'查看个人用户信息',1,'成功','2019-08-22 09:04:25'),('admin',10,'查看个人用户信息',8,'成功','2019-08-22 16:33:18'),('admin',10,'查看个人用户信息',3,'成功','2019-08-22 16:33:29'),('admin',10,'查看个人用户信息',2,'成功','2019-08-22 16:35:26'),('admin',10,'查看个人用户信息',3,'成功','2019-08-22 16:35:38'),('admin',10,'查看个人用户信息',11,'成功','2019-08-23 08:59:58'),('admin',10,'查看个人用户信息',4,'成功','2019-08-23 09:00:06'),('admin',10,'查看所有人的留言',8,'成功','2019-08-23 09:00:11'),('admin',10,'查看个人用户信息',2,'成功','2019-08-23 09:01:28'),('admin',10,'查看个人用户信息',3,'成功','2019-08-23 09:01:47'),('admin',10,'查看个人用户信息',11,'成功','2019-08-23 09:03:51'),('admin',10,'查看所有人的留言',8,'成功','2019-08-23 09:03:59'),('admin',10,'查看个人用户信息',4,'成功','2019-08-23 09:04:04'),('admin',10,'查看个人用户信息',4,'成功','2019-08-23 09:04:16'),('admin',10,'查看个人用户信息',2,'成功','2019-08-23 09:04:35'),('admin',10,'查看个人用户信息',2,'成功','2019-08-23 09:13:09'),('admin',10,'查看个人用户信息',11,'成功','2019-08-23 09:15:37'),('admin',10,'查看个人用户信息',3,'成功','2019-08-23 09:15:50'),('admin',10,'查看个人用户信息',4,'成功','2019-08-23 09:16:38'),('admin',10,'查看个人用户信息',3,'成功','2019-08-23 09:16:41'),('admin',10,'查看个人用户信息',5,'成功','2019-08-23 09:16:45'),('admin',10,'查看其他组的留言',6,'成功','2019-08-23 09:16:53'),('admin',10,'查看所有人的留言',4,'成功','2019-08-23 09:16:53'),('admin',10,'查看个人用户信息',3,'成功','2019-08-23 09:17:06'),('admin',10,'查看个人用户信息',2,'成功','2019-08-23 09:17:11'),('admin',10,'查看个人用户信息',2,'成功','2019-08-23 09:17:27'),('admin',10,'查看个人用户信息',4,'成功','2019-08-23 09:18:25'),('admin',10,'查看个人用户信息',3,'成功','2019-08-23 09:19:47'),('admin',10,'查看个人用户信息',2,'成功','2019-08-23 09:19:55'),('admin',10,'查看个人用户信息',1,'成功','2019-08-23 09:20:21'),('admin',10,'查看个人用户信息',11,'成功','2019-08-23 09:49:00'),('admin',10,'查看个人用户信息',5,'成功','2019-08-23 09:49:25'),('admin',10,'查看所有人的留言',9,'成功','2019-08-23 09:49:37'),('admin',10,'查看个人用户信息',4,'成功','2019-08-23 09:49:47'),('admin',10,'查看个人用户信息',13,'成功','2019-09-20 08:53:32'),('admin',10,'查看同组用户信息',24,'成功','2019-09-20 08:53:35'),('admin',10,'查看所有的用户信息',9,'成功','2019-09-20 08:53:37'),('admin',10,'查看用户自己的留言',4,'成功','2019-09-20 08:53:40'),('admin',10,'查看所有角色',17,'成功','2019-09-20 08:53:46'),('admin',10,'查看所有人的留言',1,'成功','2019-09-20 08:53:52'),('admin',10,'查看其他组的留言',1,'成功','2019-09-20 08:53:53'),('admin',10,'查看用户所在组的留言',2,'成功','2019-09-20 08:53:53'),('admin',10,'查看用户自己的留言',2,'成功','2019-09-20 08:53:54'),('admin',10,'查看个人用户信息',3,'成功','2019-09-20 08:53:54'),('admin',10,'查看所有人的留言',2,'成功','2019-09-20 08:54:30'),('admin',10,'查看所有的用户信息',5,'成功','2019-09-20 08:54:31'),('admin',10,'查看所有角色',1,'成功','2019-09-20 08:54:37'),('admin',10,'查看用户自己的留言',1,'成功','2019-09-20 08:56:38'),('admin',10,'查看用户所在组的留言',1,'成功','2019-09-20 08:56:39'),('admin',10,'查看其他组的留言',1,'成功','2019-09-20 08:56:43'),('admin',10,'查看所有人的留言',1,'成功','2019-09-20 08:56:45'),('admin',10,'查看所有角色',2,'成功','2019-09-20 08:56:51'),('admin',10,'查看所有角色',1,'成功','2019-09-20 08:56:53'),('admin',10,'查看所有用户拥有的角色',5,'成功','2019-09-20 08:56:58'),('admin',10,'查看所有角色',3,'成功','2019-09-20 09:06:12'),('admin',10,'查看所有用户拥有的角色',7,'成功','2019-09-20 09:06:22'),('admin',10,'查看个人用户信息',11,'成功','2019-09-20 09:07:52'),('admin',10,'查看用户自己的留言',4,'成功','2019-09-20 09:07:56'),('admin',10,'查看用户所在组的留言',2,'成功','2019-09-20 09:07:57'),('admin',10,'查看同组用户信息',3,'成功','2019-09-20 09:07:58'),('admin',10,'查看其他组的留言',1,'成功','2019-09-20 09:08:00'),('admin',10,'查看用户所在组的留言',1,'成功','2019-09-20 09:08:00'),('admin',10,'查看所有人的留言',1,'成功','2019-09-20 09:08:03'),('admin',10,'查看个人用户信息',10,'成功','2019-10-21 11:11:36'),('admin',10,'查看所有角色',23,'成功','2019-10-21 11:11:45'),('admin',10,'查看其他组的留言',9,'成功','2019-10-21 11:11:48'),('admin',10,'查看所有人的留言',2,'成功','2019-10-21 11:11:49'),('aa',1,'查看个人用户信息',3,'成功','2019-10-21 11:12:00'),('aa',1,'查看个人用户信息',3,'成功','2019-10-21 11:12:34');

/*Table structure for table `message` */

DROP TABLE IF EXISTS `message`;

CREATE TABLE `message` (
  `id` int(11) NOT NULL AUTO_INCREMENT,
  `label` varchar(255) DEFAULT NULL,
  `detail` varchar(255) DEFAULT NULL,
  `date_create` datetime DEFAULT NULL ON UPDATE CURRENT_TIMESTAMP,
  `date_edit` datetime DEFAULT NULL ON UPDATE CURRENT_TIMESTAMP,
  `user_id` int(11) NOT NULL,
  PRIMARY KEY (`id`) USING BTREE,
  KEY `user_id` (`user_id`) USING BTREE,
  CONSTRAINT `message_ibfk_1` FOREIGN KEY (`user_id`) REFERENCES `user` (`id`)
) ENGINE=InnoDB AUTO_INCREMENT=86 DEFAULT CHARSET=utf8 ROW_FORMAT=DYNAMIC;

/*Data for the table `message` */

insert  into `message`(`id`,`label`,`detail`,`date_create`,`date_edit`,`user_id`) values (68,'xx','x','2019-08-20 13:45:12','2019-08-20 13:45:12',10),(71,'ss','x','2019-08-22 10:54:12','2019-08-22 10:54:12',1),(73,'asd','xx','2019-08-22 14:17:59','2019-08-22 14:17:59',1),(74,'asdasd','xasd','2019-08-22 14:18:06','2019-08-22 14:18:06',1),(75,'asd','asd','2019-08-22 14:18:09','2019-08-22 14:18:09',1),(77,'1','111111','2019-08-22 14:51:03','2019-08-22 14:51:03',1),(78,'asd','111','2019-08-22 16:24:46','2019-08-22 16:24:46',10),(79,'asd','11','2019-08-23 15:29:06','2019-08-23 15:29:06',10),(80,'asd','1155','2019-08-23 15:33:27','2019-08-23 15:33:27',10),(81,'asd','11','2019-08-23 15:29:19','2019-08-23 15:29:19',10),(82,'asd','11','2019-08-23 15:29:19','2019-08-23 15:29:19',10),(85,'asd','asdasdccc','2019-08-23 15:32:42','2019-08-23 15:32:42',10);

/*Table structure for table `method` */

DROP TABLE IF EXISTS `method`;

CREATE TABLE `method` (
  `method_url` varchar(255) NOT NULL,
  `method_name` varchar(255) DEFAULT NULL,
  PRIMARY KEY (`method_url`) USING BTREE
) ENGINE=InnoDB DEFAULT CHARSET=utf8 ROW_FORMAT=DYNAMIC;

/*Data for the table `method` */

insert  into `method`(`method_url`,`method_name`) values ('createMessage','新建留言'),('deleteMessage','删除留言'),('editMessageSuccess','修改留言'),('editPersonInfoSuccess','编辑个人用户信息'),('editRoleHasPermissionsSuccess','编辑角色权限'),('editUserInfoSuccess','编辑用户信息'),('editUsersHaveRolesSuccess','编辑用户拥有的角色'),('intoEditRolesHavePermissions','查看角色拥有的权限'),('intoEditUsersHasRoles','查看所有用户拥有的角色'),('loginVerify','登入'),('logout','注销'),('queryAllMessage','查看所有人的留言'),('queryAllRoles','查看所有角色'),('queryAllUserInfo','查看所有的用户信息'),('queryOtherGroupMessage','查看其他组的留言'),('queryOtherGroupUserInfo','查看其他组用户信息'),('queryPersonInfo','查看个人用户信息'),('queryPersonMessage','查看用户自己的留言'),('querySameGroupMessage','查看用户所在组的留言'),('querySameGroupUserInfo','查看同组用户信息');

/*Table structure for table `permission` */

DROP TABLE IF EXISTS `permission`;

CREATE TABLE `permission` (
  `id` int(11) NOT NULL,
  `name` varchar(255) DEFAULT NULL,
  PRIMARY KEY (`id`) USING BTREE
) ENGINE=InnoDB DEFAULT CHARSET=utf8 ROW_FORMAT=DYNAMIC;

/*Data for the table `permission` */

insert  into `permission`(`id`,`name`) values (1,'编辑自己的用户信息'),(2,'编辑所在用户组的人的用户信息'),(3,'编辑其他用户组的人的用户信息'),(4,'浏览自己的用户信息'),(5,'浏览所在用户组的人的用户信息'),(6,'浏览其他用户组的人的用户信息'),(7,'新建留言'),(8,'删除自己的留言'),(9,'删除所在用户组的人的留言'),(10,'删除其他用户组的人的留言'),(11,'编辑自己的留言'),(12,'编辑所在用户组的人的留言'),(13,'编辑其他用户组的人的留言'),(14,'浏览自己的留言'),(15,'浏览所在组的人的留言'),(16,'浏览其他组的人的留言'),(17,'给用户分配角色和权限'),(18,'查看日志');

/*Table structure for table `role` */

DROP TABLE IF EXISTS `role`;

CREATE TABLE `role` (
  `id` int(11) NOT NULL,
  `name` varchar(255) DEFAULT NULL,
  PRIMARY KEY (`id`) USING BTREE
) ENGINE=InnoDB DEFAULT CHARSET=utf8 ROW_FORMAT=DYNAMIC;

/*Data for the table `role` */

insert  into `role`(`id`,`name`) values (1,'普通用户'),(2,'组长'),(3,'超级管理员');

/*Table structure for table `role_permission` */

DROP TABLE IF EXISTS `role_permission`;

CREATE TABLE `role_permission` (
  `role_id` int(11) NOT NULL,
  `permission_id` int(11) NOT NULL,
  KEY `role_id` (`role_id`) USING BTREE,
  KEY `permission_id` (`permission_id`) USING BTREE,
  CONSTRAINT `role_permission_ibfk_1` FOREIGN KEY (`role_id`) REFERENCES `role` (`id`),
  CONSTRAINT `role_permission_ibfk_2` FOREIGN KEY (`permission_id`) REFERENCES `permission` (`id`)
) ENGINE=InnoDB DEFAULT CHARSET=utf8 ROW_FORMAT=DYNAMIC;

/*Data for the table `role_permission` */

insert  into `role_permission`(`role_id`,`permission_id`) values (2,9),(2,12),(3,3),(3,10),(3,13),(3,17),(2,2),(2,6),(2,16),(1,5),(1,7),(1,8),(1,15),(3,12),(1,11),(1,4),(1,14),(3,18),(1,1);

/*Table structure for table `test` */

DROP TABLE IF EXISTS `test`;

CREATE TABLE `test` (
  `test_id` int(11) NOT NULL,
  PRIMARY KEY (`test_id`) USING BTREE
) ENGINE=InnoDB DEFAULT CHARSET=utf8 ROW_FORMAT=DYNAMIC;

/*Data for the table `test` */

insert  into `test`(`test_id`) values (0),(1);

/*Table structure for table `user` */

DROP TABLE IF EXISTS `user`;

CREATE TABLE `user` (
  `id` int(11) NOT NULL AUTO_INCREMENT,
  `name` varchar(255) DEFAULT NULL,
  `password` varchar(255) DEFAULT NULL,
  `email` varchar(255) DEFAULT NULL,
  `phone` varchar(255) DEFAULT NULL,
  `group_id` int(11) NOT NULL,
  `headportrait_id` int(11) DEFAULT NULL,
  `money` double(7,2) DEFAULT NULL,
  PRIMARY KEY (`id`) USING BTREE,
  KEY `group_id` (`group_id`) USING BTREE,
  CONSTRAINT `user_ibfk_1` FOREIGN KEY (`group_id`) REFERENCES `group` (`id`)
) ENGINE=InnoDB AUTO_INCREMENT=11 DEFAULT CHARSET=utf8 ROW_FORMAT=DYNAMIC;

/*Data for the table `user` */

insert  into `user`(`id`,`name`,`password`,`email`,`phone`,`group_id`,`headportrait_id`,`money`) values (1,'aa','aa','aaz','1111xa',1,0,30.00),(2,'bb','bb','bb2','b11x',1,0,0.00),(3,'cc4','cc','cc','cczxx',1,0,0.00),(4,'dd','dd','dd','dd',2,0,1.01),(5,'ee','ee','ee','ee',2,0,0.00),(6,'ff','ff','ff','ff',2,0,0.00),(7,'gg','gg','gg',' xx',3,0,0.00),(8,'hh','hh','hh你你','hh',3,0,0.00),(9,'ii','ii','ii','xx',3,0,0.00),(10,'admin','admin','admin搜索x','1212111x',4,41,12.00);

/*Table structure for table `user_role` */

DROP TABLE IF EXISTS `user_role`;

CREATE TABLE `user_role` (
  `user_id` int(11) NOT NULL,
  `role_id` int(11) NOT NULL,
  KEY `user_id` (`user_id`) USING BTREE,
  KEY `role_id` (`role_id`) USING BTREE,
  CONSTRAINT `user_role_ibfk_1` FOREIGN KEY (`user_id`) REFERENCES `user` (`id`),
  CONSTRAINT `user_role_ibfk_2` FOREIGN KEY (`role_id`) REFERENCES `role` (`id`)
) ENGINE=InnoDB DEFAULT CHARSET=utf8 ROW_FORMAT=DYNAMIC;

/*Data for the table `user_role` */

insert  into `user_role`(`user_id`,`role_id`) values (1,1),(1,2),(2,1),(3,1),(5,1),(4,2),(4,1),(6,1),(7,1),(7,2),(8,1),(9,1),(10,1),(10,3),(10,2),(6,2),(8,2),(1,3);

/*!40101 SET SQL_MODE=@OLD_SQL_MODE */;
/*!40014 SET FOREIGN_KEY_CHECKS=@OLD_FOREIGN_KEY_CHECKS */;
/*!40014 SET UNIQUE_CHECKS=@OLD_UNIQUE_CHECKS */;
/*!40111 SET SQL_NOTES=@OLD_SQL_NOTES */;
